,GPS time,SatPRN,Sat.X,Sat.Y,Sat.Z,Pseudo-Range,CN0,Doppler
0,2024-04-13 16:51:36.417342720+00:00,G02,N/A,N/A,N/A,22948159.07468715,43.0,-505.6047058105469
1,2024-04-13 16:51:36.417342720+00:00,G03,N/A,N/A,N/A,24058778.322330758,42.0,-504.386474609375
2,2024-04-13 16:51:36.417342720+00:00,G08,N/A,N/A,N/A,21133596.263502687,47.8,165.79957580566406
3,2024-04-13 16:51:36.417342720+00:00,G10,N/A,N/A,N/A,22788507.905097716,39.0,355.62664794921875
4,2024-04-13 16:51:36.417342720+00:00,G21,N/A,N/A,N/A,21707764.477237504,44.3,-348.5203857421875
5,2024-04-13 16:51:36.417342720+00:00,G27,N/A,N/A,N/A,22142539.095252085,45.2,533.8138427734375
6,2024-04-13 16:51:36.417342720+00:00,G28,N/A,N/A,N/A,23880923.43459964,35.5,-510.6150207519531
7,2024-04-13 16:51:36.417342720+00:00,G32,N/A,N/A,N/A,21445038.954810735,45.6,236.67388916015625
33,2024-04-13 16:51:36.417342720+00:00,G03,N/A,N/A,N/A,24056442.645586737,32.3,-503.9033203125
34,2024-04-13 16:51:36.417342720+00:00,G08,N/A,N/A,N/A,21131245.614471845,34.7,166.0158233642578
35,2024-04-13 16:51:36.417342720+00:00,G27,N/A,N/A,N/A,22140183.036653746,33.7,532.78173828125
36,2024-04-13 16:51:36.417342720+00:00,G32,N/A,N/A,N/A,21442681.116290186,27.8,237.5379638671875
53,2024-04-13 16:51:37.417342976+00:00,G02,N/A,N/A,N/A,22947653.92578402,45.2,-505.4778747558594
54,2024-04-13 16:51:37.417342976+00:00,G03,N/A,N/A,N/A,24058272.54521979,43.4,-504.374755859375
55,2024-04-13 16:51:37.417342976+00:00,G08,N/A,N/A,N/A,21133762.354675133,49.8,165.98670959472656
56,2024-04-13 16:51:37.417342976+00:00,G10,N/A,N/A,N/A,22788861.970015652,41.7,355.7349548339844
57,2024-04-13 16:51:37.417342976+00:00,G21,N/A,N/A,N/A,21707414.914475743,46.7,-348.3982849121094
58,2024-04-13 16:51:37.417342976+00:00,G27,N/A,N/A,N/A,22143068.81406179,47.7,533.9739990234375
59,2024-04-13 16:51:37.417342976+00:00,G28,N/A,N/A,N/A,23880422.194545288,37.8,-510.6340637207031
60,2024-04-13 16:51:37.417342976+00:00,G32,N/A,N/A,N/A,21445273.101832367,46.8,236.8504180908203
86,2024-04-13 16:51:37.417342976+00:00,G03,N/A,N/A,N/A,24055936.86847577,36.7,-504.6493225097656
87,2024-04-13 16:51:37.417342976+00:00,G08,N/A,N/A,N/A,21131410.48412905,38.2,165.76292419433594
88,2024-04-13 16:51:37.417342976+00:00,G27,N/A,N/A,N/A,22140716.071004823,36.6,533.737060546875
89,2024-04-13 16:51:37.417342976+00:00,G32,N/A,N/A,N/A,21442913.44848917,30.0,236.56105041503903
106,2024-04-13 16:51:38.417342976+00:00,G02,N/A,N/A,N/A,22947148.183573492,43.0,-506.27142333984375
107,2024-04-13 16:51:38.417342976+00:00,G03,N/A,N/A,N/A,24057767.396316662,42.4,-505.0639343261719
108,2024-04-13 16:51:38.417342976+00:00,G08,N/A,N/A,N/A,21133925.130306207,48.0,165.32833862304688
109,2024-04-13 16:51:38.417342976+00:00,G10,N/A,N/A,N/A,22789213.626803543,39.7,354.9705505371094
110,2024-04-13 16:51:38.417342976+00:00,G21,N/A,N/A,N/A,21707068.66725535,44.7,-349.1448974609375
111,2024-04-13 16:51:38.417342976+00:00,G27,N/A,N/A,N/A,22143602.75582419,45.5,533.2472534179688
112,2024-04-13 16:51:38.417342976+00:00,G28,N/A,N/A,N/A,23879899.944428775,36.2,-511.4332885742188
113,2024-04-13 16:51:38.417342976+00:00,G32,N/A,N/A,N/A,21445512.344317578,45.5,236.1792755126953
140,2024-04-13 16:51:38.417342976+00:00,G03,N/A,N/A,N/A,24055434.12770269,31.9,-506.5216979980469
141,2024-04-13 16:51:38.417342976+00:00,G08,N/A,N/A,N/A,21131577.482712816,35.0,165.37184143066406
142,2024-04-13 16:51:38.417342976+00:00,G27,N/A,N/A,N/A,22141250.606074624,32.3,533.45703125
143,2024-04-13 16:51:38.417342976+00:00,G28,N/A,N/A,N/A,23877575.95933064,22.1,-511.0576171875
144,2024-04-13 16:51:38.417342976+00:00,G32,N/A,N/A,N/A,21443146.37399556,26.2,235.1298370361328
161,2024-04-13 16:51:39.417343232+00:00,G02,N/A,N/A,N/A,22946643.627977766,45.2,-502.2459411621094
162,2024-04-13 16:51:39.417343232+00:00,G03,N/A,N/A,N/A,24057262.87562137,44.0,-501.1187744140625
163,2024-04-13 16:51:39.417343232+00:00,G08,N/A,N/A,N/A,21134093.629608702,49.5,169.416748046875
164,2024-04-13 16:51:39.417343232+00:00,G10,N/A,N/A,N/A,22789567.656821046,41.6,358.97479248046875
165,2024-04-13 16:51:39.417343232+00:00,G21,N/A,N/A,N/A,21706722.42003496,46.2,-345.1298828125
166,2024-04-13 16:51:39.417343232+00:00,G27,N/A,N/A,N/A,22144136.69758659,47.0,537.2924194335938
167,2024-04-13 16:51:39.417343232+00:00,G28,N/A,N/A,N/A,23879397.48285918,39.1,-507.09564208984375
168,2024-04-13 16:51:39.417343232+00:00,G32,N/A,N/A,N/A,21445751.272698868,48.2,240.2536163330078
194,2024-04-13 16:51:39.417343232+00:00,G03,N/A,N/A,N/A,24054929.29290348,35.9,-500.9246520996094
195,2024-04-13 16:51:39.417343232+00:00,G08,N/A,N/A,N/A,21131744.76050007,38.7,169.3560333251953
196,2024-04-13 16:51:39.417343232+00:00,G27,N/A,N/A,N/A,22141784.233733103,36.5,537.2116088867188
197,2024-04-13 16:51:39.417343232+00:00,G28,N/A,N/A,N/A,23877069.623812705,25.4,-507.5027770996094
198,2024-04-13 16:51:39.417343232+00:00,G32,N/A,N/A,N/A,21443390.397840433,28.3,240.5704040527344
215,2024-04-13 16:51:40.417343232+00:00,G02,N/A,N/A,N/A,22946134.88432978,45.2,-502.9743347167969
216,2024-04-13 16:51:40.417343232+00:00,G03,N/A,N/A,N/A,24056764.32290055,44.2,-501.73736572265625
217,2024-04-13 16:51:40.417343232+00:00,G08,N/A,N/A,N/A,21134264.222937327,49.4,168.81280517578125
218,2024-04-13 16:51:40.417343232+00:00,G10,N/A,N/A,N/A,22789929.818640016,41.1,358.2361145019531
219,2024-04-13 16:51:40.417343232+00:00,G21,N/A,N/A,N/A,21706370.44914315,45.8,-345.81219482421875
220,2024-04-13 16:51:40.417343232+00:00,G27,N/A,N/A,N/A,22144674.513297327,46.8,536.6227416992188
221,2024-04-13 16:51:40.417343232+00:00,G28,N/A,N/A,N/A,23878889.96072644,39.9,-507.8260803222656
222,2024-04-13 16:51:40.417343232+00:00,G32,N/A,N/A,N/A,21445988.700361434,47.5,239.6295318603516
248,2024-04-13 16:51:40.417343232+00:00,G03,N/A,N/A,N/A,24054427.42464129,36.5,-501.6851806640625
249,2024-04-13 16:51:40.417343232+00:00,G08,N/A,N/A,N/A,21131912.038287323,38.5,168.8660888671875
250,2024-04-13 16:51:40.417343232+00:00,G10,N/A,N/A,N/A,22787581.228734866,21.4,357.8804931640625
251,2024-04-13 16:51:40.417343232+00:00,G27,N/A,N/A,N/A,22142321.456136435,37.7,536.688720703125
252,2024-04-13 16:51:40.417343232+00:00,G32,N/A,N/A,N/A,21443629.640325643,28.8,239.64028930664065
269,2024-04-13 16:51:41.417343488+00:00,G02,N/A,N/A,N/A,22945633.609374993,45.3,-502.3953247070313
270,2024-04-13 16:51:41.417343488+00:00,G03,N/A,N/A,N/A,24056262.454638354,44.1,-501.1844177246094
271,2024-04-13 16:51:41.417343488+00:00,G08,N/A,N/A,N/A,21134432.408135902,49.4,169.46388244628906
272,2024-04-13 16:51:41.417343488+00:00,G10,N/A,N/A,N/A,22790279.381401777,35.7,358.9184265136719
273,2024-04-13 16:51:41.417343488+00:00,G21,N/A,N/A,N/A,21706031.07730855,45.8,-345.2157897949219
274,2024-04-13 16:51:41.417343488+00:00,G27,N/A,N/A,N/A,22145212.3639085,46.5,537.2451171875
275,2024-04-13 16:51:41.417343488+00:00,G28,N/A,N/A,N/A,23878375.807510957,37.6,-507.26116943359375
276,2024-04-13 16:51:41.417343488+00:00,G32,N/A,N/A,N/A,21446231.5375915,46.9,240.298583984375
302,2024-04-13 16:51:41.417343488+00:00,G03,N/A,N/A,N/A,24053925.870483015,36.2,-501.1670227050781
303,2024-04-13 16:51:41.417343488+00:00,G08,N/A,N/A,N/A,21132082.038308542,38.6,169.49134826660156
304,2024-04-13 16:51:41.417343488+00:00,G10,N/A,N/A,N/A,22787933.79293408,27.6,358.5812683105469
305,2024-04-13 16:51:41.417343488+00:00,G27,N/A,N/A,N/A,22142857.77112845,36.3,537.2643432617188
306,2024-04-13 16:51:41.417343488+00:00,G28,N/A,N/A,N/A,23876049.728386693,25.1,-507.7703247070313
307,2024-04-13 16:51:41.417343488+00:00,G32,N/A,N/A,N/A,21443871.290940903,29.4,240.3651580810547
324,2024-04-13 16:51:42.417343488+00:00,G02,N/A,N/A,N/A,22945128.18126838,44.7,-503.2236633300781
325,2024-04-13 16:51:42.417343488+00:00,G03,N/A,N/A,N/A,24055757.899042632,43.8,-501.9509887695313
326,2024-04-13 16:51:42.417343488+00:00,G08,N/A,N/A,N/A,21134601.77994928,49.4,168.75726318359375
327,2024-04-13 16:51:42.417343488+00:00,G21,N/A,N/A,N/A,21705684.515984237,45.9,-346.0337219238281
328,2024-04-13 16:51:42.417343488+00:00,G27,N/A,N/A,N/A,22145752.273645364,45.7,536.4755859375
329,2024-04-13 16:51:42.417343488+00:00,G28,N/A,N/A,N/A,23877877.254790135,37.7,-508.0219421386719
330,2024-04-13 16:51:42.417343488+00:00,G32,N/A,N/A,N/A,21446472.87410284,48.1,239.5531311035156
355,2024-04-13 16:51:42.417343488+00:00,G03,N/A,N/A,N/A,24053424.31632474,35.3,-501.9090576171875
356,2024-04-13 16:51:42.417343488+00:00,G08,N/A,N/A,N/A,21132251.689325407,38.9,168.8057861328125
357,2024-04-13 16:51:42.417343488+00:00,G10,N/A,N/A,N/A,22788292.045904275,29.1,358.08837890625
358,2024-04-13 16:51:42.417343488+00:00,G27,N/A,N/A,N/A,22143394.714328296,35.3,536.5411376953125
359,2024-04-13 16:51:42.417343488+00:00,G32,N/A,N/A,N/A,21444111.720040917,28.8,239.4873809814453
376,2024-04-13 16:51:43.417343744+00:00,G02,N/A,N/A,N/A,22944628.127828833,44.9,-503.2600402832031
377,2024-04-13 16:51:43.417343744+00:00,G03,N/A,N/A,N/A,24055260.532936614,43.9,-501.9734191894531
378,2024-04-13 16:51:43.417343744+00:00,G08,N/A,N/A,N/A,21134768.77853305,49.2,168.82028198242188
379,2024-04-13 16:51:43.417343744+00:00,G21,N/A,N/A,N/A,21705336.453941204,46.0,-346.0481872558594
380,2024-04-13 16:51:43.417343744+00:00,G27,N/A,N/A,N/A,22146288.902741294,45.3,536.4764404296875
381,2024-04-13 16:51:43.417343744+00:00,G28,N/A,N/A,N/A,23877366.696319506,37.2,-508.06097412109375
382,2024-04-13 16:51:43.417343744+00:00,G32,N/A,N/A,N/A,21446710.301765405,47.6,239.5984039306641
407,2024-04-13 16:51:43.417343744+00:00,G03,N/A,N/A,N/A,24052923.076270387,36.0,-501.91351318359375
408,2024-04-13 16:51:43.417343744+00:00,G08,N/A,N/A,N/A,21132420.188627902,38.9,168.87452697753906
409,2024-04-13 16:51:43.417343744+00:00,G10,N/A,N/A,N/A,22788649.39146315,27.7,358.1225891113281
410,2024-04-13 16:51:43.417343744+00:00,G27,N/A,N/A,N/A,22143932.530039035,35.6,536.5004272460938
411,2024-04-13 16:51:43.417343744+00:00,G28,N/A,N/A,N/A,23875030.426268082,22.9,-508.0761413574219
412,2024-04-13 16:51:43.417343744+00:00,G32,N/A,N/A,N/A,21444350.33431829,29.3,239.6734619140625
429,2024-04-13 16:51:44.417343744+00:00,G02,N/A,N/A,N/A,22944126.85287404,45.9,-503.19036865234375
430,2024-04-13 16:51:44.417343744+00:00,G03,N/A,N/A,N/A,24054761.98021579,44.7,-501.9228210449219
431,2024-04-13 16:51:44.417343744+00:00,G08,N/A,N/A,N/A,21134940.837679964,49.8,168.9716339111328
432,2024-04-13 16:51:44.417343744+00:00,G21,N/A,N/A,N/A,21704989.892616894,46.8,-345.9566650390625
433,2024-04-13 16:51:44.417343744+00:00,G27,N/A,N/A,N/A,22146821.62298845,45.9,536.5894775390625
434,2024-04-13 16:51:44.417343744+00:00,G28,N/A,N/A,N/A,23876862.734031186,37.7,-507.9851379394531
435,2024-04-13 16:51:44.417343744+00:00,G32,N/A,N/A,N/A,21446946.542813167,47.6,239.7445831298828
461,2024-04-13 16:51:44.417343744+00:00,G03,N/A,N/A,N/A,24052418.52067466,35.9,-501.9154357910156
462,2024-04-13 16:51:44.417343744+00:00,G08,N/A,N/A,N/A,21132588.96713388,39.0,168.95172119140625
463,2024-04-13 16:51:44.417343744+00:00,G10,N/A,N/A,N/A,22789010.959974714,29.4,358.00543212890625
464,2024-04-13 16:51:44.417343744+00:00,G27,N/A,N/A,N/A,22144467.379212756,35.9,536.5592651367188
465,2024-04-13 16:51:44.417343744+00:00,G32,N/A,N/A,N/A,21444589.89090742,31.0,239.83126831054688
482,2024-04-13 16:51:45.417344+00:00,G02,N/A,N/A,N/A,22943619.924048703,45.1,-504.54925537109375
483,2024-04-13 16:51:45.417344+00:00,G03,N/A,N/A,N/A,24054255.33059394,44.7,-503.2698059082031
484,2024-04-13 16:51:45.417344+00:00,G08,N/A,N/A,N/A,21135108.743675053,49.7,167.71536254882812
485,2024-04-13 16:51:45.417344+00:00,G21,N/A,N/A,N/A,21704642.73798518,46.4,-347.29083251953125
486,2024-04-13 16:51:45.417344+00:00,G27,N/A,N/A,N/A,22147358.566188302,45.8,535.2749633789062
487,2024-04-13 16:51:45.417344+00:00,G28,N/A,N/A,N/A,23876346.20758609,37.0,-509.3533020019531
488,2024-04-13 16:51:45.417344+00:00,G32,N/A,N/A,N/A,21447183.377168328,46.4,238.47511291503903
512,2024-04-13 16:51:45.417344+00:00,G03,N/A,N/A,N/A,24051916.059105065,35.0,-503.36907958984375
513,2024-04-13 16:51:45.417344+00:00,G08,N/A,N/A,N/A,21132756.244921133,37.3,167.548583984375
514,2024-04-13 16:51:45.417344+00:00,G10,N/A,N/A,N/A,22789364.710788734,27.4,356.54266357421875
515,2024-04-13 16:51:45.417344+00:00,G27,N/A,N/A,N/A,22145004.60161609,34.6,535.0999755859375
516,2024-04-13 16:51:45.417344+00:00,G28,N/A,N/A,N/A,23874007.529404618,24.7,-509.4649658203125
517,2024-04-13 16:51:45.417344+00:00,G32,N/A,N/A,N/A,21444829.412596118,30.5,238.1011505126953
534,2024-04-13 16:51:46.417344+00:00,G02,N/A,N/A,N/A,22943121.05722396,43.6,-501.5657958984375
535,2024-04-13 16:51:46.417344+00:00,G03,N/A,N/A,N/A,24053751.996513456,42.6,-500.1924743652344
536,2024-04-13 16:51:46.417344+00:00,G08,N/A,N/A,N/A,21135277.801384516,47.6,170.81556701660156
537,2024-04-13 16:51:46.417344+00:00,G10,N/A,N/A,N/A,22792091.935518395,34.0,360.0451354980469
538,2024-04-13 16:51:46.417344+00:00,G21,N/A,N/A,N/A,21704290.487889886,44.0,-344.2765197753906
539,2024-04-13 16:51:46.417344+00:00,G27,N/A,N/A,N/A,22147895.788591634,44.0,538.3251342773438
540,2024-04-13 16:51:46.417344+00:00,G28,N/A,N/A,N/A,23875847.65486527,36.2,-506.3809814453125
541,2024-04-13 16:51:46.417344+00:00,G32,N/A,N/A,N/A,21447425.30698707,44.7,241.5652008056641
566,2024-04-13 16:51:46.417344+00:00,G03,N/A,N/A,N/A,24051414.50494679,34.1,-500.0421142578125
567,2024-04-13 16:51:46.417344+00:00,G08,N/A,N/A,N/A,21132926.838249758,37.0,170.99905395507812
568,2024-04-13 16:51:46.417344+00:00,G10,N/A,N/A,N/A,22789724.743681137,27.5,359.8044738769531
569,2024-04-13 16:51:46.417344+00:00,G27,N/A,N/A,N/A,22145540.00919678,33.9,538.6173095703125
570,2024-04-13 16:51:46.417344+00:00,G32,N/A,N/A,N/A,21445066.840258684,28.6,241.7935943603516
587,2024-04-13 16:51:47.417344256+00:00,G02,N/A,N/A,N/A,22942615.908320833,44.4,-503.90869140625
588,2024-04-13 16:51:47.417344256+00:00,G03,N/A,N/A,N/A,24053250.756459102,42.8,-502.6650390625
589,2024-04-13 16:51:47.417344256+00:00,G08,N/A,N/A,N/A,21135447.208098333,48.0,168.52288818359375
590,2024-04-13 16:51:47.417344256+00:00,G10,N/A,N/A,N/A,22792454.37654085,33.5,356.943359375
591,2024-04-13 16:51:47.417344256+00:00,G21,N/A,N/A,N/A,21703948.114617836,44.6,-346.6251525878906
592,2024-04-13 16:51:47.417344256+00:00,G27,N/A,N/A,N/A,22148429.730354033,44.0,535.9915161132812
593,2024-04-13 16:51:47.417344256+00:00,G28,N/A,N/A,N/A,23875331.407623656,36.2,-508.2503662109375
594,2024-04-13 16:51:47.417344256+00:00,G32,N/A,N/A,N/A,21447668.144217137,45.1,239.25979614257807
618,2024-04-13 16:51:47.417344256+00:00,G03,N/A,N/A,N/A,24050911.45006979,33.5,-502.0239868164063
619,2024-04-13 16:51:47.417344256+00:00,G08,N/A,N/A,N/A,21133095.33755225,36.0,168.44224548339844
620,2024-04-13 16:51:47.417344256+00:00,G10,N/A,N/A,N/A,22790078.52939559,26.4,358.2882080078125
621,2024-04-13 16:51:47.417344256+00:00,G27,N/A,N/A,N/A,22146076.044985306,31.5,536.6423950195312
622,2024-04-13 16:51:47.417344256+00:00,G32,N/A,N/A,N/A,21445309.991592668,26.4,240.1499481201172
639,2024-04-13 16:51:48.417344256+00:00,G02,N/A,N/A,N/A,22942111.980932947,44.0,-500.8418273925781
640,2024-04-13 16:51:48.417344256+00:00,G03,N/A,N/A,N/A,24052749.202300828,43.1,-499.5289611816406
641,2024-04-13 16:51:48.417344256+00:00,G08,N/A,N/A,N/A,21135614.485885587,48.0,171.70761108398438
642,2024-04-13 16:51:48.417344256+00:00,G10,N/A,N/A,N/A,22792794.934990257,34.1,360.70166015625
643,2024-04-13 16:51:48.417344256+00:00,G21,N/A,N/A,N/A,21703604.275527492,44.4,-343.52276611328125
644,2024-04-13 16:51:48.417344256+00:00,G27,N/A,N/A,N/A,22148973.828143157,43.4,539.1243286132812
645,2024-04-13 16:51:48.417344256+00:00,G28,N/A,N/A,N/A,23874832.854902834,36.5,-505.6134338378906
646,2024-04-13 16:51:48.417344256+00:00,G32,N/A,N/A,N/A,21447907.386702348,44.8,242.4367828369141
669,2024-04-13 16:51:48.417344256+00:00,G03,N/A,N/A,N/A,24050411.710734162,35.3,-499.07568359375
670,2024-04-13 16:51:48.417344256+00:00,G08,N/A,N/A,N/A,21133265.616776954,37.1,171.54226684570312
671,2024-04-13 16:51:48.417344256+00:00,G10,N/A,N/A,N/A,22790437.654876675,29.0,360.2120056152344
672,2024-04-13 16:51:48.417344256+00:00,G27,N/A,N/A,N/A,22146614.174799964,34.7,539.6050415039062
673,2024-04-13 16:51:48.417344256+00:00,G28,N/A,N/A,N/A,23872486.07982033,21.9,-506.1394653320313
674,2024-04-13 16:51:48.417344256+00:00,G32,N/A,N/A,N/A,21445548.012562636,29.4,242.82530212402344
691,2024-04-13 16:51:49.417344512+00:00,G02,N/A,N/A,N/A,22941611.9274934,46.0,-501.826416015625
692,2024-04-13 16:51:49.417344512+00:00,G03,N/A,N/A,N/A,24052254.52352834,44.9,-500.48187255859375
693,2024-04-13 16:51:49.417344512+00:00,G08,N/A,N/A,N/A,21135788.045751225,49.3,170.82083129882812
694,2024-04-13 16:51:49.417344512+00:00,G10,N/A,N/A,N/A,22793163.378887612,35.8,359.3114929199219
695,2024-04-13 16:51:49.417344512+00:00,G21,N/A,N/A,N/A,21703259.494125392,45.6,-344.48492431640625
696,2024-04-13 16:51:49.417344512+00:00,G27,N/A,N/A,N/A,22149510.178035606,45.2,538.1806030273438
697,2024-04-13 16:51:49.417344512+00:00,G28,N/A,N/A,N/A,23874325.891177062,38.5,-506.5655517578125
698,2024-04-13 16:51:49.417344512+00:00,G32,N/A,N/A,N/A,21448150.817239817,45.7,241.53536987304688
724,2024-04-13 16:51:49.417344512+00:00,G03,N/A,N/A,N/A,24049912.564705934,36.5,-500.49029541015625
725,2024-04-13 16:51:49.417344512+00:00,G08,N/A,N/A,N/A,21133436.48930906,39.0,170.82174682617188
726,2024-04-13 16:51:49.417344512+00:00,G10,N/A,N/A,N/A,22790800.410003047,30.8,359.22900390625
727,2024-04-13 16:51:49.417344512+00:00,G27,N/A,N/A,N/A,22147152.30461462,35.8,538.1602783203125
728,2024-04-13 16:51:49.417344512+00:00,G28,N/A,N/A,N/A,23871989.027818233,25.9,-506.4707336425781
729,2024-04-13 16:51:49.417344512+00:00,G32,N/A,N/A,N/A,21445789.663177896,31.0,241.5102386474609
746,2024-04-13 16:51:50.417344512+00:00,G02,N/A,N/A,N/A,22941112.467361256,46.0,-501.0005493164063
747,2024-04-13 16:51:50.417344512+00:00,G03,N/A,N/A,N/A,24051753.562677473,45.4,-499.6053771972656
748,2024-04-13 16:51:50.417344512+00:00,G08,N/A,N/A,N/A,21135958.953183766,49.7,171.771728515625
749,2024-04-13 16:51:50.417344512+00:00,G10,N/A,N/A,N/A,22793531.508681048,33.9,359.8833923339844
750,2024-04-13 16:51:50.417344512+00:00,G21,N/A,N/A,N/A,21702915.34093113,45.4,-343.63336181640625
751,2024-04-13 16:51:50.417344512+00:00,G27,N/A,N/A,N/A,22150044.084897567,45.1,539.0724487304688
752,2024-04-13 16:51:50.417344512+00:00,G28,N/A,N/A,N/A,23873813.866888143,38.1,-505.6785278320313
753,2024-04-13 16:51:50.417344512+00:00,G32,N/A,N/A,N/A,21448388.5590063,44.1,242.4747467041016
779,2024-04-13 16:51:50.417344512+00:00,G03,N/A,N/A,N/A,24049411.883058548,35.9,-499.5899353027344
780,2024-04-13 16:51:50.417344512+00:00,G08,N/A,N/A,N/A,21133608.26925249,37.9,171.77581787109375
781,2024-04-13 16:51:50.417344512+00:00,G10,N/A,N/A,N/A,22791157.476358436,28.5,359.7789611816406
782,2024-04-13 16:51:50.417344512+00:00,G27,N/A,N/A,N/A,22147691.3418406,36.0,539.102294921875
783,2024-04-13 16:51:50.417344512+00:00,G32,N/A,N/A,N/A,21446033.687022768,30.5,242.52532958984372
800,2024-04-13 16:51:51.417344768+00:00,G02,N/A,N/A,N/A,22940612.413921706,46.6,-500.7537536621094
801,2024-04-13 16:51:51.417344768+00:00,G03,N/A,N/A,N/A,24051255.917367972,45.0,-499.35162353515625
802,2024-04-13 16:51:51.417344768+00:00,G08,N/A,N/A,N/A,21136128.01089323,49.6,172.10052490234375
803,2024-04-13 16:51:51.417344768+00:00,G21,N/A,N/A,N/A,21702574.189174317,44.0,-343.354736328125
804,2024-04-13 16:51:51.417344768+00:00,G27,N/A,N/A,N/A,22150584.93694619,45.0,539.3671264648438
805,2024-04-13 16:51:51.417344768+00:00,G28,N/A,N/A,N/A,23873318.001500852,36.8,-505.42138671875
806,2024-04-13 16:51:51.417344768+00:00,G32,N/A,N/A,N/A,21448631.082132448,41.9,242.8070373535156
830,2024-04-13 16:51:51.417344768+00:00,G03,N/A,N/A,N/A,24048912.457826838,35.8,-499.3502197265625
831,2024-04-13 16:51:51.417344768+00:00,G08,N/A,N/A,N/A,21133778.862581115,37.6,172.1139373779297
832,2024-04-13 16:51:51.417344768+00:00,G10,N/A,N/A,N/A,22791521.103995696,29.2,360.449462890625
833,2024-04-13 16:51:51.417344768+00:00,G27,N/A,N/A,N/A,22148232.158988785,35.8,539.3866577148438
834,2024-04-13 16:51:51.417344768+00:00,G32,N/A,N/A,N/A,21446274.116122786,30.6,242.8593597412109
851,2024-04-13 16:51:52.417344768+00:00,G02,N/A,N/A,N/A,22940111.138966918,46.2,-500.7961730957031
852,2024-04-13 16:51:52.417344768+00:00,G03,N/A,N/A,N/A,24050754.3632097,44.4,-499.3572082519531
853,2024-04-13 16:51:52.417344768+00:00,G08,N/A,N/A,N/A,21136302.513070628,48.9,172.16201782226562
854,2024-04-13 16:51:52.417344768+00:00,G21,N/A,N/A,N/A,21702228.221157413,43.7,-343.36346435546875
855,2024-04-13 16:51:52.417344768+00:00,G27,N/A,N/A,N/A,22151126.068198297,44.3,539.3644409179688
856,2024-04-13 16:51:52.417344768+00:00,G28,N/A,N/A,N/A,23872805.06980061,36.8,-505.44622802734375
857,2024-04-13 16:51:52.417344768+00:00,G32,N/A,N/A,N/A,21448870.324617658,41.9,242.85076904296875
882,2024-04-13 16:51:52.417344768+00:00,G03,N/A,N/A,N/A,24048413.591002095,35.8,-499.3470153808594
883,2024-04-13 16:51:52.417344768+00:00,G08,N/A,N/A,N/A,21133951.51503543,37.5,172.1955108642578
884,2024-04-13 16:51:52.417344768+00:00,G10,N/A,N/A,N/A,22791880.578481134,27.4,360.0465393066406
885,2024-04-13 16:51:52.417344768+00:00,G27,N/A,N/A,N/A,22148770.568006925,35.3,539.4036865234375
886,2024-04-13 16:51:52.417344768+00:00,G28,N/A,N/A,N/A,23870461.29615556,23.4,-505.8209228515625
887,2024-04-13 16:51:52.417344768+00:00,G32,N/A,N/A,N/A,21446519.64068638,30.3,242.8943328857422
904,2024-04-13 16:51:53.417345024+00:00,G02,N/A,N/A,N/A,22939609.584808644,46.1,-503.1488342285156
905,2024-04-13 16:51:53.417345024+00:00,G03,N/A,N/A,N/A,24050256.403796278,44.4,-501.7610473632813
906,2024-04-13 16:51:53.417345024+00:00,G08,N/A,N/A,N/A,21136472.79229533,48.9,169.8882598876953
907,2024-04-13 16:51:53.417345024+00:00,G21,N/A,N/A,N/A,21701889.756734133,43.3,-345.72955322265625
908,2024-04-13 16:51:53.417345024+00:00,G27,N/A,N/A,N/A,22151663.290601633,43.9,537.041748046875
909,2024-04-13 16:51:53.417345024+00:00,G28,N/A,N/A,N/A,23872291.823996454,35.2,-507.8642578125
910,2024-04-13 16:51:53.417345024+00:00,G32,N/A,N/A,N/A,21449108.066384144,40.3,240.554443359375
934,2024-04-13 16:51:53.417345024+00:00,G03,N/A,N/A,N/A,24047913.81676603,34.6,-501.96099853515625
935,2024-04-13 16:51:53.417345024+00:00,G08,N/A,N/A,N/A,21134122.701671455,36.5,169.64108276367188
936,2024-04-13 16:51:53.417345024+00:00,G10,N/A,N/A,N/A,22792241.204680942,27.2,357.1287841796875
937,2024-04-13 16:51:53.417345024+00:00,G27,N/A,N/A,N/A,22149308.418618098,35.2,536.7843627929688
938,2024-04-13 16:51:53.417345024+00:00,G32,N/A,N/A,N/A,21446761.570505124,29.9,240.01702880859372
955,2024-04-13 16:51:54.417345024+00:00,G02,N/A,N/A,N/A,22939108.344754286,46.9,-499.4737243652344
956,2024-04-13 16:51:54.417345024+00:00,G03,N/A,N/A,N/A,24049753.069715794,45.2,-498.05517578125
957,2024-04-13 16:51:54.417345024+00:00,G08,N/A,N/A,N/A,21136644.258134842,49.3,173.6709442138672
958,2024-04-13 16:51:54.417345024+00:00,G10,N/A,N/A,N/A,22794961.833228298,36.6,361.8014221191406
959,2024-04-13 16:51:54.417345024+00:00,G21,N/A,N/A,N/A,21701544.696128547,45.9,-342.0204772949219
960,2024-04-13 16:51:54.417345024+00:00,G27,N/A,N/A,N/A,22152200.513004966,45.1,540.780517578125
961,2024-04-13 16:51:54.417345024+00:00,G28,N/A,N/A,N/A,23871793.864583034,39.1,-503.6883544921875
962,2024-04-13 16:51:54.417345024+00:00,G32,N/A,N/A,N/A,21449359.279718723,43.8,244.32894897460935
989,2024-04-13 16:51:54.417345024+00:00,G03,N/A,N/A,N/A,24047412.890815597,36.3,-498.0909423828125
990,2024-04-13 16:51:54.417345024+00:00,G08,N/A,N/A,N/A,21134295.07492229,39.0,173.61355590820312
991,2024-04-13 16:51:54.417345024+00:00,G10,N/A,N/A,N/A,22792597.95693241,27.4,361.7029113769531
992,2024-04-13 16:51:54.417345024+00:00,G27,N/A,N/A,N/A,22149848.04915148,36.1,540.7166748046875
993,2024-04-13 16:51:54.417345024+00:00,G32,N/A,N/A,N/A,21447004.40773519,30.0,244.32911682128903
1010,2024-04-13 16:51:55.417345280+00:00,G02,N/A,N/A,N/A,22938607.104699932,47.5,-499.8954162597656
1011,2024-04-13 16:51:55.417345280+00:00,G03,N/A,N/A,N/A,24049257.204328503,45.5,-498.4231567382813
1012,2024-04-13 16:51:55.417345280+00:00,G08,N/A,N/A,N/A,21136820.226130527,50.3,173.3470001220703
1013,2024-04-13 16:51:55.417345280+00:00,G10,N/A,N/A,N/A,22795318.58547977,38.3,361.193603515625
1014,2024-04-13 16:51:55.417345280+00:00,G21,N/A,N/A,N/A,21701199.635522965,46.4,-342.4220886230469
1015,2024-04-13 16:51:55.417345280+00:00,G27,N/A,N/A,N/A,22152744.92489801,45.3,540.3980102539062
1016,2024-04-13 16:51:55.417345280+00:00,G28,N/A,N/A,N/A,23871293.217836082,39.8,-504.5303039550781
1017,2024-04-13 16:51:55.417345280+00:00,G32,N/A,N/A,N/A,21449601.523641385,44.0,243.97378540039065
1044,2024-04-13 16:51:55.417345280+00:00,G03,N/A,N/A,N/A,24046913.709886935,36.0,-498.4503479003906
1045,2024-04-13 16:51:55.417345280+00:00,G08,N/A,N/A,N/A,21134468.07638096,39.6,173.31192016601562
1046,2024-04-13 16:51:55.417345280+00:00,G10,N/A,N/A,N/A,22792963.713496234,25.9,361.1805114746094
1047,2024-04-13 16:51:55.417345280+00:00,G27,N/A,N/A,N/A,22150389.459607072,37.2,540.3538818359375
1048,2024-04-13 16:51:55.417345280+00:00,G28,N/A,N/A,N/A,23868947.03606098,24.5,-504.16455078125
1049,2024-04-13 16:51:55.417345280+00:00,G32,N/A,N/A,N/A,21447246.930861335,29.7,243.9559783935547
